{"cameraMode":{"drawMode":0,"name":"Shaded","section":"Shading Mode"},"sceneLighting":false,"audioPlay":false,"sceneViewState":{"m_AlwaysRefresh":false,"showFog":true,"showSkybox":false,"showFlares":true,"showImageEffects":true,"showParticleSystems":true,"showVisualEffectGraphs":true,"m_FxEnabled":true},"in2DMode":false,"pivot":{"x":4.269000053405762,"y":0.26976001262664797,"z":9.376999855041504},"rotation":{"x":-0.20427609980106355,"y":-0.028779195621609689,"z":0.006006103940308094,"w":-0.9784983396530151},"size":0.29033786058425906,"orthographic":false}